k_neighbors,5,10,15,20
5,4.905448924118787,4.156026717232966,4.120786347667178,4.573474475479456
10,3.995087485436528,3.9187250029975047,4.019886339430344,4.334217873059863
25,3.564014449198328,3.5743865315973267,3.9130173154522954,4.2366371669836855
50,3.4908407996131583,3.5366303558506993,3.9182623940916486,4.329521782145059
75,3.5299586987229623,3.590275883699266,3.971840928685055,4.513520026780222
100,3.490431144075599,3.6417069473259422,4.0754480035312985,4.578990344366976
125,3.4592802203896387,3.6806117632978688,4.153970499908534,4.729424749416503
